experiment,algorithm,objective,iteration,queries,samps_per_iter,objective_value,minimum_objective_value,iteration_of_minimum,random_seed,status,parameter_configuration,elapsed_seconds,error_message
samples_vs_minimum,alternating_projections,ky_fan_regression,1250,10000,8,24.754383087158203,24.754383087158203,1250,2027,success,"{""base_optimizer_parameters"":{""linesearch"":true,""sampling_dist"":""gaussian"",""sampling_scheme"":""full-rank"",""samps_per_iter"":8,""step_size"":0.03,""target_rank"":3},""data_seed"":2025,""initialization_seed"":2026,""iterations"":10000,""matrix_shape"":[30,30],""max_queries"":10000,""objective_noise"":0.0,""optimizer_seed"":2027,""recovery_parameters"":{""iters"":15}}",9.340335791930556,
samples_vs_minimum,alternating_projections,ky_fan_regression,157,10048,64,21.975406646728516,21.975406646728516,157,2027,success,"{""base_optimizer_parameters"":{""linesearch"":true,""sampling_dist"":""gaussian"",""sampling_scheme"":""full-rank"",""samps_per_iter"":64,""step_size"":0.03,""target_rank"":3},""data_seed"":2025,""initialization_seed"":2026,""iterations"":10000,""matrix_shape"":[30,30],""max_queries"":10000,""objective_noise"":0.0,""optimizer_seed"":2027,""recovery_parameters"":{""iters"":15}}",2.7063543340191245,
samples_vs_minimum,alternating_projections,ky_fan_regression,79,10112,128,19.36406135559082,19.36406135559082,79,2027,success,"{""base_optimizer_parameters"":{""linesearch"":true,""sampling_dist"":""gaussian"",""sampling_scheme"":""full-rank"",""samps_per_iter"":128,""step_size"":0.03,""target_rank"":3},""data_seed"":2025,""initialization_seed"":2026,""iterations"":10000,""matrix_shape"":[30,30],""max_queries"":10000,""objective_noise"":0.0,""optimizer_seed"":2027,""recovery_parameters"":{""iters"":15}}",2.3633704585954547,
samples_vs_minimum,alternating_projections,ky_fan_regression,40,10240,256,9.651965141296387,9.651965141296387,40,2027,success,"{""base_optimizer_parameters"":{""linesearch"":true,""sampling_dist"":""gaussian"",""sampling_scheme"":""full-rank"",""samps_per_iter"":256,""step_size"":0.03,""target_rank"":3},""data_seed"":2025,""initialization_seed"":2026,""iterations"":10000,""matrix_shape"":[30,30],""max_queries"":10000,""objective_noise"":0.0,""optimizer_seed"":2027,""recovery_parameters"":{""iters"":15}}",2.09626358281821,
samples_vs_minimum,alternating_projections,ky_fan_regression,10,10240,1024,25.842710494995117,25.842710494995117,10,2027,success,"{""base_optimizer_parameters"":{""linesearch"":true,""sampling_dist"":""gaussian"",""sampling_scheme"":""full-rank"",""samps_per_iter"":1024,""step_size"":0.03,""target_rank"":3},""data_seed"":2025,""initialization_seed"":2026,""iterations"":10000,""matrix_shape"":[30,30],""max_queries"":10000,""objective_noise"":0.0,""optimizer_seed"":2027,""recovery_parameters"":{""iters"":15}}",1.4988672500476241,
samples_vs_minimum,alternating_projections,singular_value_sum,1250,10000,8,175.9775390625,175.9775390625,1250,2027,success,"{""base_optimizer_parameters"":{""linesearch"":true,""sampling_dist"":""gaussian"",""sampling_scheme"":""full-rank"",""samps_per_iter"":8,""step_size"":0.03,""target_rank"":3},""data_seed"":2025,""initialization_seed"":2026,""iterations"":10000,""matrix_shape"":[30,30],""max_queries"":10000,""objective_noise"":0.0,""optimizer_seed"":2027,""recovery_parameters"":{""iters"":20}}",13.383120125159621,
samples_vs_minimum,alternating_projections,singular_value_sum,157,10048,64,97.80431365966797,97.80431365966797,157,2027,success,"{""base_optimizer_parameters"":{""linesearch"":true,""sampling_dist"":""gaussian"",""sampling_scheme"":""full-rank"",""samps_per_iter"":64,""step_size"":0.03,""target_rank"":3},""data_seed"":2025,""initialization_seed"":2026,""iterations"":10000,""matrix_shape"":[30,30],""max_queries"":10000,""objective_noise"":0.0,""optimizer_seed"":2027,""recovery_parameters"":{""iters"":20}}",2.9338439162820578,
samples_vs_minimum,alternating_projections,singular_value_sum,79,10112,128,81.25984191894531,81.25984191894531,79,2027,success,"{""base_optimizer_parameters"":{""linesearch"":true,""sampling_dist"":""gaussian"",""sampling_scheme"":""full-rank"",""samps_per_iter"":128,""step_size"":0.03,""target_rank"":3},""data_seed"":2025,""initialization_seed"":2026,""iterations"":10000,""matrix_shape"":[30,30],""max_queries"":10000,""objective_noise"":0.0,""optimizer_seed"":2027,""recovery_parameters"":{""iters"":20}}",2.6227911673486233,
samples_vs_minimum,alternating_projections,singular_value_sum,40,10240,256,4.098793983459473,4.098793983459473,40,2027,success,"{""base_optimizer_parameters"":{""linesearch"":true,""sampling_dist"":""gaussian"",""sampling_scheme"":""full-rank"",""samps_per_iter"":256,""step_size"":0.03,""target_rank"":3},""data_seed"":2025,""initialization_seed"":2026,""iterations"":10000,""matrix_shape"":[30,30],""max_queries"":10000,""objective_noise"":0.0,""optimizer_seed"":2027,""recovery_parameters"":{""iters"":20}}",1.9602569993585348,
samples_vs_minimum,alternating_projections,singular_value_sum,10,10240,1024,70.69657897949219,70.69657897949219,10,2027,success,"{""base_optimizer_parameters"":{""linesearch"":true,""sampling_dist"":""gaussian"",""sampling_scheme"":""full-rank"",""samps_per_iter"":1024,""step_size"":0.03,""target_rank"":3},""data_seed"":2025,""initialization_seed"":2026,""iterations"":10000,""matrix_shape"":[30,30],""max_queries"":10000,""objective_noise"":0.0,""optimizer_seed"":2027,""recovery_parameters"":{""iters"":20}}",1.1641013333573937,
samples_vs_minimum,iterative_hard_thresholding,ky_fan_regression,1250,10000,8,23.68369483947754,23.68369483947754,1250,2027,success,"{""base_optimizer_parameters"":{""linesearch"":true,""sampling_dist"":""gaussian"",""sampling_scheme"":""full-rank"",""samps_per_iter"":8,""step_size"":0.03,""target_rank"":3},""data_seed"":2025,""initialization_seed"":2026,""iterations"":10000,""matrix_shape"":[30,30],""max_queries"":10000,""objective_noise"":0.0,""optimizer_seed"":2027,""recovery_parameters"":{""iters"":10}}",13.611724874936044,
samples_vs_minimum,iterative_hard_thresholding,ky_fan_regression,157,10048,64,21.954771041870117,21.954771041870117,157,2027,success,"{""base_optimizer_parameters"":{""linesearch"":true,""sampling_dist"":""gaussian"",""sampling_scheme"":""full-rank"",""samps_per_iter"":64,""step_size"":0.03,""target_rank"":3},""data_seed"":2025,""initialization_seed"":2026,""iterations"":10000,""matrix_shape"":[30,30],""max_queries"":10000,""objective_noise"":0.0,""optimizer_seed"":2027,""recovery_parameters"":{""iters"":10}}",1.5425092922523618,
samples_vs_minimum,iterative_hard_thresholding,ky_fan_regression,79,10112,128,16.301403045654297,16.301403045654297,79,2027,success,"{""base_optimizer_parameters"":{""linesearch"":true,""sampling_dist"":""gaussian"",""sampling_scheme"":""full-rank"",""samps_per_iter"":128,""step_size"":0.03,""target_rank"":3},""data_seed"":2025,""initialization_seed"":2026,""iterations"":10000,""matrix_shape"":[30,30],""max_queries"":10000,""objective_noise"":0.0,""optimizer_seed"":2027,""recovery_parameters"":{""iters"":10}}",1.031308208592236,
samples_vs_minimum,iterative_hard_thresholding,ky_fan_regression,40,10240,256,11.92440414428711,11.92440414428711,40,2027,success,"{""base_optimizer_parameters"":{""linesearch"":true,""sampling_dist"":""gaussian"",""sampling_scheme"":""full-rank"",""samps_per_iter"":256,""step_size"":0.03,""target_rank"":3},""data_seed"":2025,""initialization_seed"":2026,""iterations"":10000,""matrix_shape"":[30,30],""max_queries"":10000,""objective_noise"":0.0,""optimizer_seed"":2027,""recovery_parameters"":{""iters"":10}}",0.5743217077106237,
samples_vs_minimum,iterative_hard_thresholding,ky_fan_regression,10,10240,1024,25.846195220947266,25.846195220947266,10,2027,success,"{""base_optimizer_parameters"":{""linesearch"":true,""sampling_dist"":""gaussian"",""sampling_scheme"":""full-rank"",""samps_per_iter"":1024,""step_size"":0.03,""target_rank"":3},""data_seed"":2025,""initialization_seed"":2026,""iterations"":10000,""matrix_shape"":[30,30],""max_queries"":10000,""objective_noise"":0.0,""optimizer_seed"":2027,""recovery_parameters"":{""iters"":10}}",0.2941612498834729,
samples_vs_minimum,iterative_hard_thresholding,singular_value_sum,1250,10000,8,167.8004608154297,167.8004608154297,1249,2027,success,"{""base_optimizer_parameters"":{""linesearch"":true,""sampling_dist"":""gaussian"",""sampling_scheme"":""full-rank"",""samps_per_iter"":8,""step_size"":0.03,""target_rank"":3},""data_seed"":2025,""initialization_seed"":2026,""iterations"":10000,""matrix_shape"":[30,30],""max_queries"":10000,""objective_noise"":0.0,""optimizer_seed"":2027,""recovery_parameters"":{""iters"":10}}",18.70911666750908,
samples_vs_minimum,iterative_hard_thresholding,singular_value_sum,157,10048,64,147.8668670654297,147.8668670654297,157,2027,success,"{""base_optimizer_parameters"":{""linesearch"":true,""sampling_dist"":""gaussian"",""sampling_scheme"":""full-rank"",""samps_per_iter"":64,""step_size"":0.03,""target_rank"":3},""data_seed"":2025,""initialization_seed"":2026,""iterations"":10000,""matrix_shape"":[30,30],""max_queries"":10000,""objective_noise"":0.0,""optimizer_seed"":2027,""recovery_parameters"":{""iters"":10}}",1.8278862498700619,
samples_vs_minimum,iterative_hard_thresholding,singular_value_sum,79,10112,128,26.471607208251953,26.471607208251953,79,2027,success,"{""base_optimizer_parameters"":{""linesearch"":true,""sampling_dist"":""gaussian"",""sampling_scheme"":""full-rank"",""samps_per_iter"":128,""step_size"":0.03,""target_rank"":3},""data_seed"":2025,""initialization_seed"":2026,""iterations"":10000,""matrix_shape"":[30,30],""max_queries"":10000,""objective_noise"":0.0,""optimizer_seed"":2027,""recovery_parameters"":{""iters"":10}}",0.9287805827334523,
samples_vs_minimum,iterative_hard_thresholding,singular_value_sum,40,10240,256,0.5006275773048401,0.5006275773048401,40,2027,success,"{""base_optimizer_parameters"":{""linesearch"":true,""sampling_dist"":""gaussian"",""sampling_scheme"":""full-rank"",""samps_per_iter"":256,""step_size"":0.03,""target_rank"":3},""data_seed"":2025,""initialization_seed"":2026,""iterations"":10000,""matrix_shape"":[30,30],""max_queries"":10000,""objective_noise"":0.0,""optimizer_seed"":2027,""recovery_parameters"":{""iters"":10}}",0.45243100076913834,
samples_vs_minimum,iterative_hard_thresholding,singular_value_sum,10,10240,1024,70.09709167480469,70.09709167480469,10,2027,success,"{""base_optimizer_parameters"":{""linesearch"":true,""sampling_dist"":""gaussian"",""sampling_scheme"":""full-rank"",""samps_per_iter"":1024,""step_size"":0.03,""target_rank"":3},""data_seed"":2025,""initialization_seed"":2026,""iterations"":10000,""matrix_shape"":[30,30],""max_queries"":10000,""objective_noise"":0.0,""optimizer_seed"":2027,""recovery_parameters"":{""iters"":10}}",0.20754783321172,
samples_vs_minimum,burer_monteiro_gradient_descent,ky_fan_regression,1250,10000,8,25.840381622314453,25.840381622314453,1249,2027,success,"{""base_optimizer_parameters"":{""linesearch"":true,""sampling_dist"":""gaussian"",""sampling_scheme"":""full-rank"",""samps_per_iter"":8,""step_size"":0.03,""target_rank"":3},""data_seed"":2025,""initialization_seed"":2026,""iterations"":10000,""matrix_shape"":[30,30],""max_queries"":10000,""objective_noise"":0.0,""optimizer_seed"":2027,""recovery_parameters"":{""iters"":20}}",209.73142287507653,
samples_vs_minimum,burer_monteiro_gradient_descent,ky_fan_regression,157,10048,64,22.77073097229004,22.77073097229004,157,2027,success,"{""base_optimizer_parameters"":{""linesearch"":true,""sampling_dist"":""gaussian"",""sampling_scheme"":""full-rank"",""samps_per_iter"":64,""step_size"":0.03,""target_rank"":3},""data_seed"":2025,""initialization_seed"":2026,""iterations"":10000,""matrix_shape"":[30,30],""max_queries"":10000,""objective_noise"":0.0,""optimizer_seed"":2027,""recovery_parameters"":{""iters"":20}}",27.36964820791036,
samples_vs_minimum,burer_monteiro_gradient_descent,ky_fan_regression,79,10112,128,17.836688995361328,17.836688995361328,79,2027,success,"{""base_optimizer_parameters"":{""linesearch"":true,""sampling_dist"":""gaussian"",""sampling_scheme"":""full-rank"",""samps_per_iter"":128,""step_size"":0.03,""target_rank"":3},""data_seed"":2025,""initialization_seed"":2026,""iterations"":10000,""matrix_shape"":[30,30],""max_queries"":10000,""objective_noise"":0.0,""optimizer_seed"":2027,""recovery_parameters"":{""iters"":20}}",14.40279766637832,
samples_vs_minimum,burer_monteiro_gradient_descent,ky_fan_regression,40,10240,256,13.636001586914062,13.636001586914062,40,2027,success,"{""base_optimizer_parameters"":{""linesearch"":true,""sampling_dist"":""gaussian"",""sampling_scheme"":""full-rank"",""samps_per_iter"":256,""step_size"":0.03,""target_rank"":3},""data_seed"":2025,""initialization_seed"":2026,""iterations"":10000,""matrix_shape"":[30,30],""max_queries"":10000,""objective_noise"":0.0,""optimizer_seed"":2027,""recovery_parameters"":{""iters"":20}}",8.097373875789344,
samples_vs_minimum,burer_monteiro_gradient_descent,ky_fan_regression,10,10240,1024,25.91002082824707,25.91002082824707,10,2027,success,"{""base_optimizer_parameters"":{""linesearch"":true,""sampling_dist"":""gaussian"",""sampling_scheme"":""full-rank"",""samps_per_iter"":1024,""step_size"":0.03,""target_rank"":3},""data_seed"":2025,""initialization_seed"":2026,""iterations"":10000,""matrix_shape"":[30,30],""max_queries"":10000,""objective_noise"":0.0,""optimizer_seed"":2027,""recovery_parameters"":{""iters"":20}}",2.37622925080359,
samples_vs_minimum,burer_monteiro_gradient_descent,singular_value_sum,1250,10000,8,149.5926971435547,149.5926971435547,1250,2027,success,"{""base_optimizer_parameters"":{""linesearch"":true,""sampling_dist"":""gaussian"",""sampling_scheme"":""full-rank"",""samps_per_iter"":8,""step_size"":0.03,""target_rank"":3},""data_seed"":2025,""initialization_seed"":2026,""iterations"":10000,""matrix_shape"":[30,30],""max_queries"":10000,""objective_noise"":0.0,""optimizer_seed"":2027,""recovery_parameters"":{""iters"":15}}",182.04211241658777,
samples_vs_minimum,burer_monteiro_gradient_descent,singular_value_sum,157,10048,64,150.03355407714844,150.03355407714844,157,2027,success,"{""base_optimizer_parameters"":{""linesearch"":true,""sampling_dist"":""gaussian"",""sampling_scheme"":""full-rank"",""samps_per_iter"":64,""step_size"":0.03,""target_rank"":3},""data_seed"":2025,""initialization_seed"":2026,""iterations"":10000,""matrix_shape"":[30,30],""max_queries"":10000,""objective_noise"":0.0,""optimizer_seed"":2027,""recovery_parameters"":{""iters"":15}}",22.819234374910593,
samples_vs_minimum,burer_monteiro_gradient_descent,singular_value_sum,79,10112,128,48.673091888427734,48.673091888427734,79,2027,success,"{""base_optimizer_parameters"":{""linesearch"":true,""sampling_dist"":""gaussian"",""sampling_scheme"":""full-rank"",""samps_per_iter"":128,""step_size"":0.03,""target_rank"":3},""data_seed"":2025,""initialization_seed"":2026,""iterations"":10000,""matrix_shape"":[30,30],""max_queries"":10000,""objective_noise"":0.0,""optimizer_seed"":2027,""recovery_parameters"":{""iters"":15}}",11.623786250129342,
samples_vs_minimum,burer_monteiro_gradient_descent,singular_value_sum,40,10240,256,0.8479214906692505,0.8479214906692505,40,2027,success,"{""base_optimizer_parameters"":{""linesearch"":true,""sampling_dist"":""gaussian"",""sampling_scheme"":""full-rank"",""samps_per_iter"":256,""step_size"":0.03,""target_rank"":3},""data_seed"":2025,""initialization_seed"":2026,""iterations"":10000,""matrix_shape"":[30,30],""max_queries"":10000,""objective_noise"":0.0,""optimizer_seed"":2027,""recovery_parameters"":{""iters"":15}}",5.986767125315964,
samples_vs_minimum,burer_monteiro_gradient_descent,singular_value_sum,10,10240,1024,70.6147232055664,70.6147232055664,10,2027,success,"{""base_optimizer_parameters"":{""linesearch"":true,""sampling_dist"":""gaussian"",""sampling_scheme"":""full-rank"",""samps_per_iter"":1024,""step_size"":0.03,""target_rank"":3},""data_seed"":2025,""initialization_seed"":2026,""iterations"":10000,""matrix_shape"":[30,30],""max_queries"":10000,""objective_noise"":0.0,""optimizer_seed"":2027,""recovery_parameters"":{""iters"":15}}",1.88521783426404,
samples_vs_minimum,adjoint_sensing_operator,ky_fan_regression,1250,10000,8,18.630859375,18.630859375,1250,2027,success,"{""base_optimizer_parameters"":{""linesearch"":true,""sampling_dist"":""gaussian"",""sampling_scheme"":""full-rank"",""samps_per_iter"":8,""step_size"":0.03,""target_rank"":3},""data_seed"":2025,""initialization_seed"":2026,""iterations"":10000,""matrix_shape"":[30,30],""max_queries"":10000,""objective_noise"":0.0,""optimizer_seed"":2027,""recovery_parameters"":{}}",6.7631845427677035,
samples_vs_minimum,adjoint_sensing_operator,ky_fan_regression,157,10048,64,12.364269256591797,12.364269256591797,157,2027,success,"{""base_optimizer_parameters"":{""linesearch"":true,""sampling_dist"":""gaussian"",""sampling_scheme"":""full-rank"",""samps_per_iter"":64,""step_size"":0.03,""target_rank"":3},""data_seed"":2025,""initialization_seed"":2026,""iterations"":10000,""matrix_shape"":[30,30],""max_queries"":10000,""objective_noise"":0.0,""optimizer_seed"":2027,""recovery_parameters"":{}}",0.4345610421150923,
samples_vs_minimum,adjoint_sensing_operator,ky_fan_regression,79,10112,128,12.291109085083008,12.291109085083008,79,2027,success,"{""base_optimizer_parameters"":{""linesearch"":true,""sampling_dist"":""gaussian"",""sampling_scheme"":""full-rank"",""samps_per_iter"":128,""step_size"":0.03,""target_rank"":3},""data_seed"":2025,""initialization_seed"":2026,""iterations"":10000,""matrix_shape"":[30,30],""max_queries"":10000,""objective_noise"":0.0,""optimizer_seed"":2027,""recovery_parameters"":{}}",0.19192237500101328,
samples_vs_minimum,adjoint_sensing_operator,ky_fan_regression,40,10240,256,14.958087921142578,14.958087921142578,40,2027,success,"{""base_optimizer_parameters"":{""linesearch"":true,""sampling_dist"":""gaussian"",""sampling_scheme"":""full-rank"",""samps_per_iter"":256,""step_size"":0.03,""target_rank"":3},""data_seed"":2025,""initialization_seed"":2026,""iterations"":10000,""matrix_shape"":[30,30],""max_queries"":10000,""objective_noise"":0.0,""optimizer_seed"":2027,""recovery_parameters"":{}}",0.10184049978852272,
samples_vs_minimum,adjoint_sensing_operator,ky_fan_regression,10,10240,1024,26.04732894897461,26.04732894897461,10,2027,success,"{""base_optimizer_parameters"":{""linesearch"":true,""sampling_dist"":""gaussian"",""sampling_scheme"":""full-rank"",""samps_per_iter"":1024,""step_size"":0.03,""target_rank"":3},""data_seed"":2025,""initialization_seed"":2026,""iterations"":10000,""matrix_shape"":[30,30],""max_queries"":10000,""objective_noise"":0.0,""optimizer_seed"":2027,""recovery_parameters"":{}}",0.05922995787113905,
samples_vs_minimum,adjoint_sensing_operator,singular_value_sum,1250,10000,8,102.16381072998047,102.16381072998047,1250,2027,success,"{""base_optimizer_parameters"":{""linesearch"":true,""sampling_dist"":""gaussian"",""sampling_scheme"":""full-rank"",""samps_per_iter"":8,""step_size"":0.03,""target_rank"":3},""data_seed"":2025,""initialization_seed"":2026,""iterations"":10000,""matrix_shape"":[30,30],""max_queries"":10000,""objective_noise"":0.0,""optimizer_seed"":2027,""recovery_parameters"":{}}",11.366782874800265,
samples_vs_minimum,adjoint_sensing_operator,singular_value_sum,157,10048,64,42.622257232666016,42.622257232666016,157,2027,success,"{""base_optimizer_parameters"":{""linesearch"":true,""sampling_dist"":""gaussian"",""sampling_scheme"":""full-rank"",""samps_per_iter"":64,""step_size"":0.03,""target_rank"":3},""data_seed"":2025,""initialization_seed"":2026,""iterations"":10000,""matrix_shape"":[30,30],""max_queries"":10000,""objective_noise"":0.0,""optimizer_seed"":2027,""recovery_parameters"":{}}",0.9699673745781183,
samples_vs_minimum,adjoint_sensing_operator,singular_value_sum,79,10112,128,41.978675842285156,41.978675842285156,79,2027,success,"{""base_optimizer_parameters"":{""linesearch"":true,""sampling_dist"":""gaussian"",""sampling_scheme"":""full-rank"",""samps_per_iter"":128,""step_size"":0.03,""target_rank"":3},""data_seed"":2025,""initialization_seed"":2026,""iterations"":10000,""matrix_shape"":[30,30],""max_queries"":10000,""objective_noise"":0.0,""optimizer_seed"":2027,""recovery_parameters"":{}}",0.43663395941257477,
samples_vs_minimum,adjoint_sensing_operator,singular_value_sum,40,10240,256,62.37214660644531,62.37214660644531,40,2027,success,"{""base_optimizer_parameters"":{""linesearch"":true,""sampling_dist"":""gaussian"",""sampling_scheme"":""full-rank"",""samps_per_iter"":256,""step_size"":0.03,""target_rank"":3},""data_seed"":2025,""initialization_seed"":2026,""iterations"":10000,""matrix_shape"":[30,30],""max_queries"":10000,""objective_noise"":0.0,""optimizer_seed"":2027,""recovery_parameters"":{}}",0.22247762512415648,
samples_vs_minimum,adjoint_sensing_operator,singular_value_sum,10,10240,1024,199.24578857421875,199.24578857421875,10,2027,success,"{""base_optimizer_parameters"":{""linesearch"":true,""sampling_dist"":""gaussian"",""sampling_scheme"":""full-rank"",""samps_per_iter"":1024,""step_size"":0.03,""target_rank"":3},""data_seed"":2025,""initialization_seed"":2026,""iterations"":10000,""matrix_shape"":[30,30],""max_queries"":10000,""objective_noise"":0.0,""optimizer_seed"":2027,""recovery_parameters"":{}}",0.0626765824854374,
samples_vs_minimum,pseudoinverse,ky_fan_regression,1250,10000,8,24.06128692626953,24.06128692626953,1250,2027,success,"{""base_optimizer_parameters"":{""linesearch"":true,""sampling_dist"":""gaussian"",""sampling_scheme"":""full-rank"",""samps_per_iter"":8,""step_size"":0.03,""target_rank"":3},""data_seed"":2025,""initialization_seed"":2026,""iterations"":10000,""matrix_shape"":[30,30],""max_queries"":10000,""objective_noise"":0.0,""optimizer_seed"":2027,""recovery_parameters"":{""iters"":10}}",67.30317329242826,
samples_vs_minimum,pseudoinverse,ky_fan_regression,157,10048,64,24.251876831054688,24.251876831054688,157,2027,success,"{""base_optimizer_parameters"":{""linesearch"":true,""sampling_dist"":""gaussian"",""sampling_scheme"":""full-rank"",""samps_per_iter"":64,""step_size"":0.03,""target_rank"":3},""data_seed"":2025,""initialization_seed"":2026,""iterations"":10000,""matrix_shape"":[30,30],""max_queries"":10000,""objective_noise"":0.0,""optimizer_seed"":2027,""recovery_parameters"":{""iters"":10}}",9.0658008325845,
samples_vs_minimum,pseudoinverse,ky_fan_regression,79,10112,128,23.974102020263672,23.974102020263672,79,2027,success,"{""base_optimizer_parameters"":{""linesearch"":true,""sampling_dist"":""gaussian"",""sampling_scheme"":""full-rank"",""samps_per_iter"":128,""step_size"":0.03,""target_rank"":3},""data_seed"":2025,""initialization_seed"":2026,""iterations"":10000,""matrix_shape"":[30,30],""max_queries"":10000,""objective_noise"":0.0,""optimizer_seed"":2027,""recovery_parameters"":{""iters"":10}}",4.755561792291701,
samples_vs_minimum,pseudoinverse,ky_fan_regression,40,10240,256,24.06103515625,24.06103515625,40,2027,success,"{""base_optimizer_parameters"":{""linesearch"":true,""sampling_dist"":""gaussian"",""sampling_scheme"":""full-rank"",""samps_per_iter"":256,""step_size"":0.03,""target_rank"":3},""data_seed"":2025,""initialization_seed"":2026,""iterations"":10000,""matrix_shape"":[30,30],""max_queries"":10000,""objective_noise"":0.0,""optimizer_seed"":2027,""recovery_parameters"":{""iters"":10}}",2.4656340423971415,
samples_vs_minimum,pseudoinverse,ky_fan_regression,10,10240,1024,26.16399383544922,26.16399383544922,10,2027,success,"{""base_optimizer_parameters"":{""linesearch"":true,""sampling_dist"":""gaussian"",""sampling_scheme"":""full-rank"",""samps_per_iter"":1024,""step_size"":0.03,""target_rank"":3},""data_seed"":2025,""initialization_seed"":2026,""iterations"":10000,""matrix_shape"":[30,30],""max_queries"":10000,""objective_noise"":0.0,""optimizer_seed"":2027,""recovery_parameters"":{""iters"":10}}",0.7832837915048003,
samples_vs_minimum,pseudoinverse,singular_value_sum,1250,10000,8,40.8241081237793,40.8241081237793,1250,2027,success,"{""base_optimizer_parameters"":{""linesearch"":true,""sampling_dist"":""gaussian"",""sampling_scheme"":""full-rank"",""samps_per_iter"":8,""step_size"":0.03,""target_rank"":3},""data_seed"":2025,""initialization_seed"":2026,""iterations"":10000,""matrix_shape"":[30,30],""max_queries"":10000,""objective_noise"":0.0,""optimizer_seed"":2027,""recovery_parameters"":{""iters"":10}}",89.70053233299404,
samples_vs_minimum,pseudoinverse,singular_value_sum,157,10048,64,34.35465621948242,34.35465621948242,157,2027,success,"{""base_optimizer_parameters"":{""linesearch"":true,""sampling_dist"":""gaussian"",""sampling_scheme"":""full-rank"",""samps_per_iter"":64,""step_size"":0.03,""target_rank"":3},""data_seed"":2025,""initialization_seed"":2026,""iterations"":10000,""matrix_shape"":[30,30],""max_queries"":10000,""objective_noise"":0.0,""optimizer_seed"":2027,""recovery_parameters"":{""iters"":10}}",9.963286833837628,
samples_vs_minimum,pseudoinverse,singular_value_sum,79,10112,128,33.212947845458984,33.212947845458984,79,2027,success,"{""base_optimizer_parameters"":{""linesearch"":true,""sampling_dist"":""gaussian"",""sampling_scheme"":""full-rank"",""samps_per_iter"":128,""step_size"":0.03,""target_rank"":3},""data_seed"":2025,""initialization_seed"":2026,""iterations"":10000,""matrix_shape"":[30,30],""max_queries"":10000,""objective_noise"":0.0,""optimizer_seed"":2027,""recovery_parameters"":{""iters"":10}}",5.287695875391364,
samples_vs_minimum,pseudoinverse,singular_value_sum,40,10240,256,48.644866943359375,48.644866943359375,40,2027,success,"{""base_optimizer_parameters"":{""linesearch"":true,""sampling_dist"":""gaussian"",""sampling_scheme"":""full-rank"",""samps_per_iter"":256,""step_size"":0.03,""target_rank"":3},""data_seed"":2025,""initialization_seed"":2026,""iterations"":10000,""matrix_shape"":[30,30],""max_queries"":10000,""objective_noise"":0.0,""optimizer_seed"":2027,""recovery_parameters"":{""iters"":10}}",3.3616708759218454,
samples_vs_minimum,pseudoinverse,singular_value_sum,10,10240,1024,73.02819061279297,73.02819061279297,10,2027,success,"{""base_optimizer_parameters"":{""linesearch"":true,""sampling_dist"":""gaussian"",""sampling_scheme"":""full-rank"",""samps_per_iter"":1024,""step_size"":0.03,""target_rank"":3},""data_seed"":2025,""initialization_seed"":2026,""iterations"":10000,""matrix_shape"":[30,30],""max_queries"":10000,""objective_noise"":0.0,""optimizer_seed"":2027,""recovery_parameters"":{""iters"":10}}",0.7310177916660905,
samples_vs_minimum,rangefinder,ky_fan_regression,,,,,,,2027,not_applicable,"{""base_optimizer_parameters"":{""linesearch"":true,""sampling_dist"":""gaussian"",""sampling_scheme"":""full-rank"",""samps_per_iter"":64,""step_size"":0.03,""target_rank"":3},""data_seed"":2025,""initialization_seed"":2026,""iterations"":10000,""matrix_shape"":[30,30],""max_queries"":10000,""objective_noise"":0.0,""optimizer_seed"":2027,""recovery_parameters"":{}}",,rangefinder does not use samps_per_iter
samples_vs_minimum,rangefinder,singular_value_sum,,,,,,,2027,not_applicable,"{""base_optimizer_parameters"":{""linesearch"":true,""sampling_dist"":""gaussian"",""sampling_scheme"":""full-rank"",""samps_per_iter"":64,""step_size"":0.03,""target_rank"":3},""data_seed"":2025,""initialization_seed"":2026,""iterations"":10000,""matrix_shape"":[30,30],""max_queries"":10000,""objective_noise"":0.0,""optimizer_seed"":2027,""recovery_parameters"":{}}",,rangefinder does not use samps_per_iter
samples_vs_minimum,spectral_iterative_hard_thresholding,ky_fan_regression,1250,10000,8,21.218952178955078,21.218952178955078,1249,2027,success,"{""base_optimizer_parameters"":{""linesearch"":true,""sampling_dist"":""gaussian"",""sampling_scheme"":""full-rank"",""samps_per_iter"":8,""step_size"":0.03,""target_rank"":3},""data_seed"":2025,""initialization_seed"":2026,""iterations"":10000,""matrix_shape"":[30,30],""max_queries"":10000,""objective_noise"":0.0,""optimizer_seed"":2027,""recovery_parameters"":{""iters"":10}}",13.2209158744663,
samples_vs_minimum,spectral_iterative_hard_thresholding,ky_fan_regression,157,10048,64,21.937894821166992,21.937894821166992,157,2027,success,"{""base_optimizer_parameters"":{""linesearch"":true,""sampling_dist"":""gaussian"",""sampling_scheme"":""full-rank"",""samps_per_iter"":64,""step_size"":0.03,""target_rank"":3},""data_seed"":2025,""initialization_seed"":2026,""iterations"":10000,""matrix_shape"":[30,30],""max_queries"":10000,""objective_noise"":0.0,""optimizer_seed"":2027,""recovery_parameters"":{""iters"":10}}",1.736236708238721,
samples_vs_minimum,spectral_iterative_hard_thresholding,ky_fan_regression,79,10112,128,17.072452545166016,17.072452545166016,79,2027,success,"{""base_optimizer_parameters"":{""linesearch"":true,""sampling_dist"":""gaussian"",""sampling_scheme"":""full-rank"",""samps_per_iter"":128,""step_size"":0.03,""target_rank"":3},""data_seed"":2025,""initialization_seed"":2026,""iterations"":10000,""matrix_shape"":[30,30],""max_queries"":10000,""objective_noise"":0.0,""optimizer_seed"":2027,""recovery_parameters"":{""iters"":10}}",1.0915473755449057,
samples_vs_minimum,spectral_iterative_hard_thresholding,ky_fan_regression,40,10240,256,10.63361930847168,10.63361930847168,40,2027,success,"{""base_optimizer_parameters"":{""linesearch"":true,""sampling_dist"":""gaussian"",""sampling_scheme"":""full-rank"",""samps_per_iter"":256,""step_size"":0.03,""target_rank"":3},""data_seed"":2025,""initialization_seed"":2026,""iterations"":10000,""matrix_shape"":[30,30],""max_queries"":10000,""objective_noise"":0.0,""optimizer_seed"":2027,""recovery_parameters"":{""iters"":10}}",0.6956224171444774,
samples_vs_minimum,spectral_iterative_hard_thresholding,ky_fan_regression,10,10240,1024,25.842727661132812,25.842727661132812,10,2027,success,"{""base_optimizer_parameters"":{""linesearch"":true,""sampling_dist"":""gaussian"",""sampling_scheme"":""full-rank"",""samps_per_iter"":1024,""step_size"":0.03,""target_rank"":3},""data_seed"":2025,""initialization_seed"":2026,""iterations"":10000,""matrix_shape"":[30,30],""max_queries"":10000,""objective_noise"":0.0,""optimizer_seed"":2027,""recovery_parameters"":{""iters"":10}}",0.5012630419805646,
samples_vs_minimum,spectral_iterative_hard_thresholding,singular_value_sum,1250,10000,8,139.54510498046875,139.54510498046875,1250,2027,success,"{""base_optimizer_parameters"":{""linesearch"":true,""sampling_dist"":""gaussian"",""sampling_scheme"":""full-rank"",""samps_per_iter"":8,""step_size"":0.03,""target_rank"":3},""data_seed"":2025,""initialization_seed"":2026,""iterations"":10000,""matrix_shape"":[30,30],""max_queries"":10000,""objective_noise"":0.0,""optimizer_seed"":2027,""recovery_parameters"":{""iters"":10}}",13.975832750089467,
samples_vs_minimum,spectral_iterative_hard_thresholding,singular_value_sum,157,10048,64,123.74980926513672,123.74980926513672,157,2027,success,"{""base_optimizer_parameters"":{""linesearch"":true,""sampling_dist"":""gaussian"",""sampling_scheme"":""full-rank"",""samps_per_iter"":64,""step_size"":0.03,""target_rank"":3},""data_seed"":2025,""initialization_seed"":2026,""iterations"":10000,""matrix_shape"":[30,30],""max_queries"":10000,""objective_noise"":0.0,""optimizer_seed"":2027,""recovery_parameters"":{""iters"":10}}",1.6075076255947351,
samples_vs_minimum,spectral_iterative_hard_thresholding,singular_value_sum,79,10112,128,55.73554611206055,55.73554611206055,79,2027,success,"{""base_optimizer_parameters"":{""linesearch"":true,""sampling_dist"":""gaussian"",""sampling_scheme"":""full-rank"",""samps_per_iter"":128,""step_size"":0.03,""target_rank"":3},""data_seed"":2025,""initialization_seed"":2026,""iterations"":10000,""matrix_shape"":[30,30],""max_queries"":10000,""objective_noise"":0.0,""optimizer_seed"":2027,""recovery_parameters"":{""iters"":10}}",0.8439866248518229,
samples_vs_minimum,spectral_iterative_hard_thresholding,singular_value_sum,40,10240,256,9.831977844238281,9.831977844238281,40,2027,success,"{""base_optimizer_parameters"":{""linesearch"":true,""sampling_dist"":""gaussian"",""sampling_scheme"":""full-rank"",""samps_per_iter"":256,""step_size"":0.03,""target_rank"":3},""data_seed"":2025,""initialization_seed"":2026,""iterations"":10000,""matrix_shape"":[30,30],""max_queries"":10000,""objective_noise"":0.0,""optimizer_seed"":2027,""recovery_parameters"":{""iters"":10}}",0.5013937912881374,
samples_vs_minimum,spectral_iterative_hard_thresholding,singular_value_sum,10,10240,1024,144.0924530029297,144.0924530029297,10,2027,success,"{""base_optimizer_parameters"":{""linesearch"":true,""sampling_dist"":""gaussian"",""sampling_scheme"":""full-rank"",""samps_per_iter"":1024,""step_size"":0.03,""target_rank"":3},""data_seed"":2025,""initialization_seed"":2026,""iterations"":10000,""matrix_shape"":[30,30],""max_queries"":10000,""objective_noise"":0.0,""optimizer_seed"":2027,""recovery_parameters"":{""iters"":10}}",0.21501679252833128,
